,loss,categorical_accuracy,metric_soh,val_loss,val_categorical_accuracy,val_metric_soh
0,1.3677265644073486,0.21562500298023224,-23.038305282592773,0.9943181872367859,0.2641509473323822,-61.96153259277344
1,1.2881587743759155,0.32499998807907104,-16.740793228149414,1.0102030038833618,0.2641509473323822,-49.72938537597656
2,1.256744146347046,0.32499998807907104,-3.2944304943084717,1.0399067401885986,0.2641509473323822,-37.47417068481445
3,1.246510624885559,0.3499999940395355,4.823825836181641,1.0334709882736206,0.2370283007621765,-34.48885726928711
4,1.240174412727356,0.3531250059604645,4.873438835144043,1.0176411867141724,0.24174527823925018,-36.28232955932617
5,1.237343430519104,0.37187498807907104,3.3598625659942627,1.0094759464263916,0.26650944352149963,-36.82731246948242
6,1.2359334230422974,0.359375,3.6421546936035156,1.0066652297973633,0.26768869161605835,-35.699134826660156
7,1.2345190048217773,0.3687500059604645,4.82019567489624,1.00563645362854,0.24646227061748505,-34.624759674072266
8,1.2327120304107666,0.375,5.341762542724609,1.0044422149658203,0.24764150381088257,-34.53696823120117
9,1.2302402257919312,0.3812499940395355,5.0224480628967285,1.0023539066314697,0.25,-34.82183074951172
10,1.2270662784576416,0.39375001192092896,4.715334892272949,0.9992402791976929,0.24646227061748505,-34.66305923461914
11,1.2232201099395752,0.3968749940395355,4.855321407318115,0.9951533079147339,0.23820754885673523,-34.104522705078125
12,1.2185757160186768,0.41874998807907104,5.142584800720215,0.9899774789810181,0.23938679695129395,-33.518165588378906
13,1.2127721309661865,0.4281249940395355,5.34906530380249,0.9833132028579712,0.2511792480945587,-32.857643127441406
14,1.2053935527801514,0.421875,5.585604667663574,0.9747667908668518,0.25235849618911743,-31.98763656616211
15,1.196017861366272,0.41874998807907104,5.828553199768066,0.9640023112297058,0.2511792480945587,-30.99636459350586
16,1.184112548828125,0.4124999940395355,5.996163368225098,0.950524091720581,0.25235849618911743,-29.834644317626953
17,1.169215440750122,0.41874998807907104,6.100340843200684,0.9339725375175476,0.25471699237823486,-28.553091049194336
18,1.1510567665100098,0.4312500059604645,6.06027889251709,0.9143339991569519,0.2641509473323822,-27.248409271240234
19,1.1297670602798462,0.4437499940395355,5.866904258728027,0.8920850157737732,0.26768869161605835,-26.104219436645508
20,1.105971097946167,0.44999998807907104,5.510372161865234,0.8680379390716553,0.2724056541919708,-25.35462760925293
21,1.080627679824829,0.4749999940395355,5.023279666900635,0.8430870771408081,0.2794811427593231,-25.228527069091797
22,1.0547292232513428,0.4937500059604645,4.43878698348999,0.8181053996086121,0.29481130838394165,-25.710683822631836
23,1.029051661491394,0.503125011920929,3.7737364768981934,0.7938392162322998,0.30778300762176514,-26.24050521850586
24,1.0040980577468872,0.515625,3.0597853660583496,0.7706200480461121,0.31603774428367615,-25.628705978393555
25,0.9803256988525391,0.5406249761581421,2.3991973400115967,0.7487192749977112,0.3207547068595886,-22.52300262451172
26,0.9584748148918152,0.5531250238418579,1.966199517250061,0.7297918796539307,0.3207547068595886,-16.503602981567383
27,0.9394848942756653,0.543749988079071,1.8536574840545654,0.7161694169044495,0.3183962404727936,-9.043426513671875
28,0.9235559701919556,0.5406249761581421,1.9048919677734375,0.7069287300109863,0.3125,-2.561079263687134
29,0.9098283052444458,0.528124988079071,1.8583446741104126,0.698593258857727,0.3113207519054413,1.726973056793213
30,0.8976362347602844,0.53125,1.628861665725708,0.6893875002861023,0.31721699237823486,4.0862507820129395
31,0.8872483968734741,0.5375000238418579,1.29656982421875,0.6793279051780701,0.3183962404727936,5.079726219177246
32,0.8794587850570679,0.5406249761581421,0.9464683532714844,0.6683428883552551,0.33018869161605835,4.806923866271973
33,0.8752967715263367,0.5375000238418579,0.6250637173652649,0.6556404232978821,0.33608490228652954,2.7200422286987305
34,0.8762224316596985,0.543749988079071,0.3995605409145355,0.6406118273735046,0.33608490228652954,-2.490086793899536
35,0.8840553164482117,0.534375011920929,0.49458009004592896,0.626616358757019,0.35141509771347046,-13.072670936584473
36,0.8981221318244934,0.534375011920929,1.516130805015564,0.6294391751289368,0.375,-31.112422943115234
37,0.9060462713241577,0.550000011920929,4.070765018463135,0.6647908687591553,0.36320754885673523,-51.90215301513672
38,0.8881021738052368,0.5562499761581421,6.192859649658203,0.6827808022499084,0.3608490526676178,-59.9852294921875
39,0.8540037274360657,0.581250011920929,4.336277961730957,0.649273157119751,0.3596698045730591,-50.97825622558594
40,0.8251667022705078,0.581250011920929,0.8769130706787109,0.6176543831825256,0.3820754587650299,-38.75481414794922
41,0.809437096118927,0.609375,-0.43465346097946167,0.6048339009284973,0.38679245114326477,-33.38718795776367
42,0.8059032559394836,0.621874988079071,-0.21201935410499573,0.601097583770752,0.3903301954269409,-33.919403076171875
43,0.8077002763748169,0.621874988079071,0.30808258056640625,0.6011578440666199,0.38679245114326477,-36.729827880859375
44,0.8094054460525513,0.621874988079071,0.7661377191543579,0.6022281050682068,0.3808962404727936,-39.68685531616211
45,0.8084238767623901,0.6187499761581421,1.0644233226776123,0.6023622751235962,0.3820754587650299,-41.83284378051758
46,0.8042745590209961,0.6187499761581421,1.1637871265411377,0.6003204584121704,0.37971699237823486,-42.819400787353516
47,0.797860324382782,0.6187499761581421,1.0759308338165283,0.595970630645752,0.3808962404727936,-42.77220916748047
48,0.7906812429428101,0.621874988079071,0.8892112970352173,0.590364396572113,0.3820754587650299,-42.172508239746094
49,0.7839645147323608,0.621874988079071,0.7152206301689148,0.5847622752189636,0.3879716992378235,-41.551666259765625
50,0.7781935930252075,0.625,0.6093658208847046,0.5798574686050415,0.3879716992378235,-41.206199645996094
51,0.7731930017471313,0.621874988079071,0.5676040649414062,0.5756863355636597,0.38679245114326477,-41.152767181396484
52,0.7685006856918335,0.621874988079071,0.5571380853652954,0.571906566619873,0.3879716992378235,-41.25148391723633
53,0.7637213468551636,0.625,0.5459800958633423,0.5681397318840027,0.3891509473323822,-41.34874725341797
54,0.7586901187896729,0.6312500238418579,0.5186813473701477,0.5641719698905945,0.39150944352149963,-41.36044692993164
55,0.7534469962120056,0.6312500238418579,0.4757423400878906,0.5599862337112427,0.3903301954269409,-41.28096008300781
56,0.7481204271316528,0.637499988079071,0.42602309584617615,0.5556824803352356,0.39150944352149963,-41.14848327636719
57,0.7428178787231445,0.637499988079071,0.3782753050327301,0.5513690114021301,0.39150944352149963,-41.00401306152344
58,0.7375790476799011,0.640625,0.336434930562973,0.5471007227897644,0.39268869161605835,-40.86819076538086
59,0.7323869466781616,0.640625,0.29999619722366333,0.5428759455680847,0.39268869161605835,-40.74026107788086
60,0.7272043228149414,0.6468750238418579,0.2664443850517273,0.5386644601821899,0.3938679099082947,-40.609039306640625
61,0.7220038771629333,0.6468750238418579,0.23358383774757385,0.534439206123352,0.3938679099082947,-40.46420669555664
62,0.7167781591415405,0.653124988079071,0.2006828337907791,0.5301897525787354,0.39858490228652954,-40.30137252807617
63,0.7115343809127808,0.659375011920929,0.1681167632341385,0.525921106338501,0.4021226465702057,-40.12162399291992
64,0.7062826156616211,0.6625000238418579,0.13666991889476776,0.5216435790061951,0.40566039085388184,-39.927791595458984
65,0.701029360294342,0.6656249761581421,0.10679931938648224,0.5173653364181519,0.4091981053352356,-39.721923828125
66,0.6957752704620361,0.6656249761581421,0.07861022651195526,0.5130897164344788,0.4103773534297943,-39.504512786865234
67,0.6905193328857422,0.671875,0.051956940442323685,0.5088172554969788,0.4103773534297943,-39.27492904663086
68,0.6852602958679199,0.6781250238418579,0.026677703484892845,0.5045477747917175,0.41273584961891174,-39.032474517822266
69,0.6799989342689514,0.675000011920929,0.0026603699661791325,0.5002830028533936,0.41273584961891174,-38.77688980102539
70,0.6747371554374695,0.6781250238418579,-0.020050812512636185,0.4960256516933441,0.4150943458080292,-38.508541107177734
71,0.6694778203964233,0.6812499761581421,-0.041434478014707565,0.4917796552181244,0.4162735939025879,-38.22794723510742
72,0.6642230749130249,0.690625011920929,-0.061435699462890625,0.4875485897064209,0.42688679695129395,-37.93565368652344
73,0.6589745879173279,0.699999988079071,-0.08003272861242294,0.48333534598350525,0.4292452931404114,-37.6320915222168
74,0.6537342667579651,0.703125,-0.09727897495031357,0.47914353013038635,0.4316037595272064,-37.31779479980469
75,0.6485040187835693,0.7093750238418579,-0.11321906745433807,0.4749760925769806,0.43396225571632385,-36.993289947509766
76,0.6432859301567078,0.7093750238418579,-0.12792739272117615,0.47083646059036255,0.4386792480945587,-36.6591682434082
77,0.6380822658538818,0.7093750238418579,-0.1413600891828537,0.46672824025154114,0.43985849618911743,-36.31611633300781
78,0.6328950524330139,0.7093750238418579,-0.15359993278980255,0.46265485882759094,0.4445754587650299,-35.96480941772461
79,0.6277269124984741,0.715624988079071,-0.16472283005714417,0.45862001180648804,0.44693395495414734,-35.60605239868164
80,0.6225805282592773,0.715624988079071,-0.1746978759765625,0.4546278715133667,0.45400944352149963,-35.24079513549805
81,0.6174585819244385,0.7093750238418579,-0.18362541496753693,0.4506820738315582,0.4563679099082947,-34.86980438232422
82,0.6123636960983276,0.7093750238418579,-0.1916099488735199,0.44678640365600586,0.4563679099082947,-34.4940185546875
83,0.6072990298271179,0.7093750238418579,-0.19865989685058594,0.4429444372653961,0.46108490228652954,-34.1142692565918
84,0.6022680401802063,0.71875,-0.20485267043113708,0.43916040658950806,0.463443398475647,-33.731685638427734
85,0.5972735285758972,0.721875011920929,-0.21023520827293396,0.43543776869773865,0.4669811427593231,-33.34716033935547
86,0.5923188924789429,0.7250000238418579,-0.21489715576171875,0.4317804276943207,0.46933960914611816,-32.9617805480957
87,0.5874072313308716,0.7250000238418579,-0.21880874037742615,0.42819130420684814,0.47523584961891174,-32.57649612426758
88,0.5825408697128296,0.731249988079071,-0.22206076979637146,0.42467325925827026,0.47523584961891174,-32.19218826293945
89,0.5777222514152527,0.731249988079071,-0.22468872368335724,0.4212294816970825,0.4775943458080292,-31.809907913208008
90,0.5729527473449707,0.731249988079071,-0.2266586273908615,0.41786110401153564,0.4787735939025879,-31.430227279663086
91,0.5682332515716553,0.734375,-0.22808608412742615,0.41456928849220276,0.4811320900917053,-31.05373764038086
92,0.5635640621185303,0.734375,-0.2289661467075348,0.41135475039482117,0.48231130838394165,-30.680986404418945
93,0.5589447021484375,0.7406250238418579,-0.22931022942066193,0.40821748971939087,0.48349055647850037,-30.312292098999023
94,0.5543744564056396,0.7406250238418579,-0.22924652695655823,0.4051564335823059,0.48231130838394165,-29.947790145874023
95,0.5498518943786621,0.7406250238418579,-0.22875556349754333,0.402170330286026,0.4811320900917053,-29.58753776550293
96,0.5453758239746094,0.7406250238418579,-0.2279338836669922,0.3992576599121094,0.48231130838394165,-29.231666564941406
97,0.5409442186355591,0.7406250238418579,-0.22680549323558807,0.396416038274765,0.48349055647850037,-28.879886627197266
98,0.5365555882453918,0.7437499761581421,-0.22549858689308167,0.39364296197891235,0.48349055647850037,-28.53212547302246
99,0.5322081446647644,0.746874988079071,-0.22396239638328552,0.39093583822250366,0.4846698045730591,-28.188159942626953
100,0.527900218963623,0.75,-0.22228583693504333,0.38829198479652405,0.4858490526676178,-27.847867965698242
101,0.5236297845840454,0.753125011920929,-0.22048377990722656,0.3857080042362213,0.48349055647850037,-27.510902404785156
102,0.5193954706192017,0.753125011920929,-0.21859893202781677,0.3831811845302582,0.48349055647850037,-27.177085876464844
103,0.5151950716972351,0.753125011920929,-0.21670570969581604,0.38070806860923767,0.48349055647850037,-26.84598731994629
104,0.5110273361206055,0.7562500238418579,-0.2147682160139084,0.37828588485717773,0.4870283007621765,-26.517433166503906
105,0.5068906545639038,0.7593749761581421,-0.21283264458179474,0.37591177225112915,0.4917452931404114,-26.191152572631836
106,0.502783477306366,0.765625,-0.21093864738941193,0.373583048582077,0.4917452931404114,-25.866918563842773
107,0.49870434403419495,0.765625,-0.20904502272605896,0.37129640579223633,0.4941037595272064,-25.544343948364258
108,0.4946514666080475,0.7718750238418579,-0.20727881789207458,0.3690495491027832,0.5,-25.223159790039062
109,0.4906235337257385,0.7749999761581421,-0.2055816650390625,0.3668398857116699,0.5023584961891174,-24.903078079223633
110,0.48661890625953674,0.778124988079071,-0.20396117866039276,0.3646642863750458,0.5023584961891174,-24.583616256713867
111,0.4826362729072571,0.78125,-0.20248070359230042,0.3625205159187317,0.510613203048706,-24.26451301574707
112,0.47867488861083984,0.78125,-0.20108146965503693,0.360406756401062,0.5117924809455872,-23.945568084716797
113,0.47473326325416565,0.784375011920929,-0.19979438185691833,0.35832056403160095,0.5141509175300598,-23.626462936401367
114,0.47081026434898376,0.7906249761581421,-0.19858971238136292,0.356259822845459,0.5141509175300598,-23.306806564331055
115,0.4669041633605957,0.793749988079071,-0.1974647492170334,0.3542216718196869,0.5153301954269409,-22.98605728149414
116,0.4630141854286194,0.796875,-0.19643250107765198,0.3522045910358429,0.5153301954269409,-22.664005279541016
117,0.45913976430892944,0.796875,-0.1954597532749176,0.3502064347267151,0.5153301954269409,-22.340242385864258
118,0.45528024435043335,0.800000011920929,-0.19453278183937073,0.34822580218315125,0.5153301954269409,-22.01455307006836
119,0.4514349102973938,0.800000011920929,-0.19362792372703552,0.34626060724258423,0.5212264060974121,-21.686540603637695
120,0.4476029872894287,0.8031250238418579,-0.19270935654640198,0.3443092703819275,0.5247641801834106,-21.355966567993164
121,0.44378384947776794,0.8062499761581421,-0.1917697936296463,0.3423703610897064,0.525943398475647,-21.022348403930664
122,0.4399775564670563,0.809374988079071,-0.19083786010742188,0.34044232964515686,0.5283018946647644,-20.685543060302734
123,0.43618375062942505,0.809374988079071,-0.18981170654296875,0.3385244309902191,0.5353773832321167,-20.34532356262207
124,0.43240243196487427,0.809374988079071,-0.18872757256031036,0.3366154134273529,0.5389150977134705,-20.001436233520508
125,0.4286333918571472,0.8125,-0.18752899765968323,0.33471420407295227,0.5471698045730591,-19.653648376464844
126,0.42487674951553345,0.815625011920929,-0.18625755608081818,0.3328205943107605,0.5483490824699402,-19.301786422729492
127,0.4211326539516449,0.815625011920929,-0.18485374748706818,0.33093348145484924,0.551886796951294,-18.94561004638672
128,0.41740137338638306,0.8187500238418579,-0.18338242173194885,0.3290531635284424,0.5566037893295288,-18.585086822509766
129,0.41368335485458374,0.8187500238418579,-0.1817573606967926,0.3271794319152832,0.5613207817077637,-18.220121383666992
130,0.4099787771701813,0.824999988079071,-0.17999878525733948,0.3253123462200165,0.5648584961891174,-17.850631713867188
131,0.4062879681587219,0.824999988079071,-0.17810669541358948,0.323452353477478,0.5636792182922363,-17.476533889770508
132,0.4026114344596863,0.828125,-0.17611923813819885,0.32159945368766785,0.5660377144813538,-17.09766387939453
133,0.39894965291023254,0.8343750238418579,-0.17400512099266052,0.3197547495365143,0.573113203048706,-16.714162826538086
134,0.39530330896377563,0.8343750238418579,-0.17177505791187286,0.3179188072681427,0.5742924809455872,-16.3259334564209
135,0.39167287945747375,0.840624988079071,-0.1694587767124176,0.3160925805568695,0.573113203048706,-15.93300724029541
136,0.38805922865867615,0.840624988079071,-0.1670200377702713,0.31427741050720215,0.5707547068595886,-15.535381317138672
137,0.38446298241615295,0.840624988079071,-0.1645355224609375,0.3124741315841675,0.5742924809455872,-15.133173942565918
138,0.38088542222976685,0.84375,-0.16196632385253906,0.3106846213340759,0.5742924809455872,-14.726451873779297
139,0.377327024936676,0.8500000238418579,-0.15932579338550568,0.3089103698730469,0.5801886916160583,-14.315434455871582
140,0.37378889322280884,0.8500000238418579,-0.15661278367042542,0.30715277791023254,0.5801886916160583,-13.900269508361816
141,0.37027162313461304,0.8500000238418579,-0.15388469398021698,0.3054133355617523,0.5825471878051758,-13.480900764465332
142,0.36677682399749756,0.8500000238418579,-0.15111294388771057,0.3036937415599823,0.5849056839942932,-13.05760669708252
143,0.3633054196834564,0.8531249761581421,-0.1483118087053299,0.30199599266052246,0.5849056839942932,-12.63068675994873
144,0.35985881090164185,0.8531249761581421,-0.14551754295825958,0.3003218173980713,0.5872641801834106,-12.200299263000488
145,0.3564380705356598,0.8531249761581421,-0.14265289902687073,0.2986730635166168,0.5908018946647644,-11.766764640808105
146,0.3530445694923401,0.859375,-0.13984298706054688,0.29705139994621277,0.5908018946647644,-11.330400466918945
147,0.3496801257133484,0.859375,-0.13704261183738708,0.29545924067497253,0.599056601524353,-10.891548156738281
148,0.3463457226753235,0.862500011920929,-0.1341865509748459,0.29389768838882446,0.6014150977134705,-10.450608253479004
149,0.34304291009902954,0.862500011920929,-0.1313585340976715,0.29236894845962524,0.6037735939025879,-10.007942199707031
150,0.3397733271121979,0.862500011920929,-0.12855014204978943,0.2908744513988495,0.6049528121948242,-9.563934326171875
151,0.3365383744239807,0.862500011920929,-0.12574119865894318,0.28941610455513,0.6049528121948242,-9.11917495727539
152,0.33333975076675415,0.8656250238418579,-0.1229400634765625,0.28799521923065186,0.6037735939025879,-8.674056053161621
153,0.330178439617157,0.871874988079071,-0.12015552818775177,0.28661322593688965,0.6061320900917053,-8.229104995727539
154,0.32705605030059814,0.871874988079071,-0.11740169674158096,0.28527143597602844,0.6120283007621765,-7.7847723960876465
155,0.32397425174713135,0.878125011920929,-0.11461925506591797,0.28397107124328613,0.614386796951294,-7.341825008392334
156,0.3209340572357178,0.8812500238418579,-0.11187076568603516,0.2827128767967224,0.614386796951294,-6.900453567504883
157,0.3179367482662201,0.8812500238418579,-0.10912533104419708,0.2814978361129761,0.6167452931404114,-6.461528778076172
158,0.31498366594314575,0.887499988079071,-0.10638713836669922,0.28032660484313965,0.6202830076217651,-6.025518417358398
159,0.3120751976966858,0.887499988079071,-0.10364780575037003,0.2791995704174042,0.6285377144813538,-5.59290885925293
160,0.30921274423599243,0.8843749761581421,-0.10093269497156143,0.2781166434288025,0.6285377144813538,-5.16414737701416
161,0.306397020816803,0.887499988079071,-0.09820175170898438,0.2770785093307495,0.6273584961891174,-4.740055084228516
162,0.303628534078598,0.887499988079071,-0.09545974433422089,0.2760847508907318,0.6332547068595886,-4.3209075927734375
163,0.30090776085853577,0.887499988079071,-0.0927312821149826,0.27513477206230164,0.6332547068595886,-3.907317638397217
164,0.2982349395751953,0.887499988079071,-0.09001217037439346,0.27422845363616943,0.6344339847564697,-3.4995925426483154
165,0.29561030864715576,0.887499988079071,-0.08726482093334198,0.273364782333374,0.6320754885673523,-3.0982601642608643
166,0.2930341362953186,0.887499988079071,-0.08454017341136932,0.27254337072372437,0.635613203048706,-2.7037336826324463
167,0.29050639271736145,0.887499988079071,-0.08178367465734482,0.271762877702713,0.6403301954269409,-2.316361904144287
168,0.2880265712738037,0.887499988079071,-0.07905139774084091,0.2710222601890564,0.6403301954269409,-1.9364584684371948
169,0.2855944037437439,0.890625,-0.07627830654382706,0.2703205645084381,0.6415094137191772,-1.5643550157546997
170,0.2832094132900238,0.890625,-0.07353734970092773,0.26965606212615967,0.6426886916160583,-1.2002660036087036
171,0.28087133169174194,0.893750011920929,-0.07077264785766602,0.2690276801586151,0.6426886916160583,-0.8443458080291748
172,0.27857956290245056,0.893750011920929,-0.06800727546215057,0.26843389868736267,0.6426886916160583,-0.49685367941856384
173,0.2763330638408661,0.8968750238418579,-0.06523189693689346,0.2678728699684143,0.6403301954269409,-0.15790070593357086
174,0.27413132786750793,0.903124988079071,-0.06248197704553604,0.26734355092048645,0.6438679099082947,0.17244952917099
175,0.27197346091270447,0.903124988079071,-0.059710025787353516,0.2668437659740448,0.6474056839942932,0.4940454661846161
176,0.2698586583137512,0.90625,-0.05699577182531357,0.2663726210594177,0.6521226167678833,0.8069040775299072
177,0.2677859365940094,0.90625,-0.05425672605633736,0.2659280598163605,0.6533018946647644,1.1110848188400269
178,0.2657545506954193,0.90625,-0.05150794982910156,0.2655084431171417,0.6568396091461182,1.406570315361023
179,0.2637634873390198,0.90625,-0.04880113527178764,0.2651126980781555,0.6580188870429993,1.6932991743087769
180,0.261811763048172,0.90625,-0.04607963562011719,0.26473891735076904,0.661556601524353,1.9714837074279785
181,0.25989848375320435,0.90625,-0.043389033526182175,0.26438552141189575,0.6603773832321167,2.24110746383667
182,0.25802284479141235,0.9125000238418579,-0.04073534160852432,0.2640515863895416,0.6627358198165894,2.5024166107177734
183,0.2561836242675781,0.9125000238418579,-0.038073062896728516,0.2637351453304291,0.6627358198165894,2.755349636077881
184,0.25438010692596436,0.9156249761581421,-0.03545656055212021,0.263435423374176,0.6639150977134705,3.0002079010009766
185,0.2526112496852875,0.9156249761581421,-0.03285417705774307,0.263150691986084,0.6639150977134705,3.2370800971984863
186,0.2508760690689087,0.9156249761581421,-0.030293941497802734,0.26287999749183655,0.6639150977134705,3.466130256652832
187,0.24917392432689667,0.9156249761581421,-0.02776813507080078,0.26262202858924866,0.6662735939025879,3.68760347366333
188,0.24750423431396484,0.9156249761581421,-0.025293445214629173,0.2623758614063263,0.6662735939025879,3.9015793800354004
189,0.24586574733257294,0.9156249761581421,-0.022798538208007812,0.2621402144432068,0.6686320900917053,4.108154773712158
190,0.24425753951072693,0.9156249761581421,-0.020359229296445847,0.26191431283950806,0.6733490824699402,4.307674407958984
191,0.2426789104938507,0.9156249761581421,-0.017992114648222923,0.2616972029209137,0.6757075190544128,4.500322341918945
192,0.24112944304943085,0.9156249761581421,-0.015638064593076706,0.2614879608154297,0.6839622855186462,4.686237812042236
193,0.23960831761360168,0.9156249761581421,-0.013337517157196999,0.2612857222557068,0.6886792182922363,4.865543842315674
194,0.23811444640159607,0.9156249761581421,-0.011073303408920765,0.26108986139297485,0.6886792182922363,5.0384674072265625
195,0.236647367477417,0.9156249761581421,-0.00885930098593235,0.2608996629714966,0.6898584961891174,5.205331325531006
196,0.23520639538764954,0.9156249761581421,-0.006693458650261164,0.26071447134017944,0.6898584961891174,5.366261959075928
197,0.23379094898700714,0.9156249761581421,-0.004555129911750555,0.26053348183631897,0.6898584961891174,5.521327972412109
198,0.2324002981185913,0.9156249761581421,-0.0024938583374023438,0.260356605052948,0.6922169923782349,5.670836448669434
199,0.23103396594524384,0.918749988079071,-0.0004841327609028667,0.2601829767227173,0.6933962106704712,5.815070152282715
200,0.2296915054321289,0.918749988079071,0.0015075684059411287,0.2600119113922119,0.6933962106704712,5.953855514526367
201,0.2283717840909958,0.921875,0.0034140110947191715,0.25984370708465576,0.6957547068595886,6.08773136138916
202,0.22707462310791016,0.925000011920929,0.005291747860610485,0.25967732071876526,0.6969339847564697,6.216692924499512
203,0.225799560546875,0.925000011920929,0.007103777024894953,0.259512722492218,0.698113203048706,6.340970993041992
204,0.22454603016376495,0.9312499761581421,0.008855628781020641,0.25934943556785583,0.6992924809455872,6.4606709480285645
205,0.22331349551677704,0.9312499761581421,0.010563564486801624,0.2591874599456787,0.7016509175300598,6.576059818267822
206,0.22210165858268738,0.9312499761581421,0.012187385931611061,0.2590261697769165,0.7016509175300598,6.687174320220947
207,0.22090964019298553,0.9281250238418579,0.0137930391356349,0.2588655650615692,0.7028301954269409,6.794217586517334
208,0.21973712742328644,0.9281250238418579,0.015321111306548119,0.2587052583694458,0.7051886916160583,6.897253513336182
209,0.21858331561088562,0.9312499761581421,0.016818474978208542,0.2585452198982239,0.7087264060974121,6.996603012084961
210,0.2174483835697174,0.9312499761581421,0.018221139907836914,0.2583853304386139,0.7087264060974121,7.092340469360352
211,0.2163316011428833,0.9312499761581421,0.019614124670624733,0.25822511315345764,0.7122641801834106,7.184491157531738
212,0.21523240208625793,0.934374988079071,0.02090582810342312,0.2580648958683014,0.7110849022865295,7.273322105407715
213,0.21415051817893982,0.934374988079071,0.02215881273150444,0.2579043507575989,0.713443398475647,7.358928680419922
214,0.2130856066942215,0.9375,0.02334580384194851,0.257743239402771,0.7181603908538818,7.441356182098389
215,0.21203692257404327,0.9375,0.0245040412992239,0.25758159160614014,0.7205188870429993,7.520747661590576
216,0.21100404858589172,0.9375,0.02557969093322754,0.2574196457862854,0.7228773832321167,7.5973429679870605
217,0.2099868804216385,0.9375,0.026613807305693626,0.2572568356990814,0.7228773832321167,7.671158313751221
218,0.20898492634296417,0.9375,0.027579259127378464,0.257093608379364,0.724056601524353,7.742297649383545
219,0.2079978883266449,0.9375,0.028469419106841087,0.25692978501319885,0.7252358198165894,7.810919284820557
220,0.20702514052391052,0.9375,0.02935199812054634,0.2567651867866516,0.7275943160057068,7.877071380615234
221,0.20606651902198792,0.9375,0.030176496133208275,0.25660014152526855,0.7275943160057068,7.940953731536865
222,0.20512154698371887,0.9375,0.030924130231142044,0.25643450021743774,0.7311320900917053,8.002686500549316
223,0.20419013500213623,0.9375,0.03164181858301163,0.25626835227012634,0.7311320900917053,8.06234073638916
224,0.20327191054821014,0.9375,0.03232264518737793,0.2561017572879791,0.7334905862808228,8.119959831237793
225,0.2023662030696869,0.9375,0.03297138214111328,0.25593483448028564,0.7334905862808228,8.17575740814209
226,0.2014731913805008,0.9375,0.03356466442346573,0.2557676434516907,0.7346698045730591,8.229804992675781
227,0.2005923092365265,0.9375,0.034125782549381256,0.2556000351905823,0.7346698045730591,8.282241821289062
228,0.19972357153892517,0.9375,0.03462998941540718,0.255432665348053,0.7346698045730591,8.33318042755127
229,0.198866605758667,0.9375,0.03517596796154976,0.2552649974822998,0.7358490824699402,8.382630348205566
230,0.1980208307504654,0.9375,0.03567154332995415,0.2550976872444153,0.739386796951294,8.430899620056152
231,0.19718655943870544,0.9375,0.03614704683423042,0.25493037700653076,0.7417452931404114,8.477861404418945
232,0.19636353850364685,0.9375,0.03661150857806206,0.254763126373291,0.7417452931404114,8.52367115020752
233,0.1955510824918747,0.9375,0.03710145875811577,0.25459668040275574,0.7417452931404114,8.56855583190918
234,0.19474941492080688,0.9375,0.037568043917417526,0.25443029403686523,0.7441037893295288,8.612499237060547
235,0.19395844638347626,0.9375,0.03805241733789444,0.254264771938324,0.7464622855186462,8.655623435974121
236,0.19317790865898132,0.9375,0.03853187710046768,0.2540995180606842,0.7464622855186462,8.697884559631348
237,0.19240739941596985,0.9375,0.039057184010744095,0.2539350986480713,0.7464622855186462,8.739456176757812
238,0.19164687395095825,0.940625011920929,0.0395541675388813,0.2537713944911957,0.7464622855186462,8.780410766601562
239,0.19089648127555847,0.940625011920929,0.040083788335323334,0.25360822677612305,0.7464622855186462,8.820723533630371
240,0.19015584886074066,0.940625011920929,0.04063882678747177,0.2534458637237549,0.7464622855186462,8.860421180725098
241,0.18942482769489288,0.9437500238418579,0.04121794551610947,0.25328442454338074,0.7464622855186462,8.89964485168457
242,0.18870332837104797,0.9437500238418579,0.041805170476436615,0.2531234622001648,0.7464622855186462,8.938258171081543
243,0.18799123167991638,0.9437500238418579,0.0424031987786293,0.2529633939266205,0.7476415038108826,8.976286888122559
244,0.1872880756855011,0.9437500238418579,0.04304363578557968,0.25280407071113586,0.7464622855186462,9.013875007629395
245,0.1865938901901245,0.9437500238418579,0.04364507272839546,0.2526456415653229,0.7488207817077637,9.051037788391113
246,0.18590879440307617,0.9437500238418579,0.04426302760839462,0.2524876594543457,0.75,9.087662696838379
247,0.18523260951042175,0.9437500238418579,0.04488544538617134,0.25233063101768494,0.75,9.123785972595215
248,0.1845649778842926,0.9437500238418579,0.045546792447566986,0.25217404961586,0.75,9.159271240234375
249,0.18390552699565887,0.9437500238418579,0.04616909101605415,0.25201794505119324,0.7511792182922363,9.194282531738281
250,0.18325433135032654,0.9468749761581421,0.04676778241991997,0.2518630623817444,0.7511792182922363,9.228964805603027
251,0.18261145055294037,0.9468749761581421,0.04741222783923149,0.2517082989215851,0.7535377144813538,9.26303482055664
252,0.18197666108608246,0.9468749761581421,0.048001982271671295,0.251554012298584,0.7535377144813538,9.296477317810059
253,0.18134945631027222,0.9468749761581421,0.04859769344329834,0.2514004111289978,0.7535377144813538,9.329479217529297
254,0.18072982132434845,0.9468749761581421,0.04917120933532715,0.2512471675872803,0.7535377144813538,9.361961364746094
255,0.18011775612831116,0.9468749761581421,0.049730539321899414,0.25109434127807617,0.7558962106704712,9.393864631652832
256,0.17951293289661407,0.9468749761581421,0.050275254994630814,0.2509418725967407,0.7558962106704712,9.425264358520508
257,0.1789151430130005,0.9468749761581421,0.050784993916749954,0.250789999961853,0.7570754885673523,9.456291198730469
258,0.17832475900650024,0.9468749761581421,0.05129415914416313,0.2506382167339325,0.7582547068595886,9.48667049407959
259,0.17774108052253723,0.949999988079071,0.05176110193133354,0.25048673152923584,0.7582547068595886,9.516542434692383
260,0.17716380953788757,0.949999988079071,0.05225951597094536,0.2503354847431183,0.7582547068595886,9.545920372009277
261,0.17659321427345276,0.949999988079071,0.05267171934247017,0.2501846253871918,0.7582547068595886,9.574873924255371
262,0.17602908611297607,0.949999988079071,0.05310644954442978,0.25003376603126526,0.7582547068595886,9.603272438049316
263,0.17547108232975006,0.949999988079071,0.05350520461797714,0.2498830407857895,0.7582547068595886,9.631211280822754
264,0.1749192774295807,0.949999988079071,0.05386807769536972,0.24973265826702118,0.7594339847564697,9.658714294433594
265,0.17437335848808289,0.949999988079071,0.0542459711432457,0.2495819628238678,0.7594339847564697,9.685626029968262
266,0.17383316159248352,0.949999988079071,0.05457611009478569,0.24943149089813232,0.7594339847564697,9.712128639221191
267,0.17329862713813782,0.949999988079071,0.05491669103503227,0.2492811232805252,0.7617924809455872,9.738176345825195
268,0.1727694571018219,0.949999988079071,0.05521230772137642,0.24913065135478973,0.7617924809455872,9.763884544372559
269,0.17224593460559845,0.949999988079071,0.05549502372741699,0.24898020923137665,0.7617924809455872,9.789066314697266
270,0.1717274934053421,0.949999988079071,0.05577041953802109,0.2488296777009964,0.760613203048706,9.813807487487793
271,0.17121411859989166,0.949999988079071,0.056017160415649414,0.2486790418624878,0.7617924809455872,9.838114738464355
272,0.17070579528808594,0.949999988079071,0.05628488212823868,0.24852816760540009,0.7617924809455872,9.861987113952637
273,0.17020192742347717,0.949999988079071,0.056490518152713776,0.24837733805179596,0.7617924809455872,9.885501861572266
274,0.1697029173374176,0.949999988079071,0.056703973561525345,0.24822643399238586,0.7617924809455872,9.908635139465332
275,0.1692086011171341,0.949999988079071,0.05687548965215683,0.24807508289813995,0.7617924809455872,9.931315422058105
276,0.16871874034404755,0.949999988079071,0.05702769756317139,0.2479238212108612,0.7617924809455872,9.953668594360352
277,0.16823315620422363,0.949999988079071,0.05722160264849663,0.247772216796875,0.7617924809455872,9.975632667541504
278,0.16775178909301758,0.949999988079071,0.057355545461177826,0.24762022495269775,0.7641509175300598,9.997154235839844
279,0.1672743409872055,0.949999988079071,0.05747566372156143,0.2474682629108429,0.7641509175300598,10.01839542388916
280,0.16680097579956055,0.949999988079071,0.05762908607721329,0.24731580913066864,0.7653301954269409,10.03920841217041
281,0.1663314402103424,0.949999988079071,0.05769829824566841,0.24716344475746155,0.7641509175300598,10.059812545776367
282,0.1658659726381302,0.949999988079071,0.05782884359359741,0.2470104843378067,0.7653301954269409,10.079883575439453
283,0.16540387272834778,0.949999988079071,0.057920850813388824,0.24685727059841156,0.7653301954269409,10.099617004394531
284,0.16494518518447876,0.949999988079071,0.057994283735752106,0.2467038631439209,0.7653301954269409,10.11910343170166
285,0.16449004411697388,0.949999988079071,0.05805697292089462,0.24655009806156158,0.7653301954269409,10.138202667236328
286,0.16403837502002716,0.949999988079071,0.05808906629681587,0.246396005153656,0.7665094137191772,10.156978607177734
287,0.16358992457389832,0.949999988079071,0.05816396325826645,0.24624156951904297,0.7665094137191772,10.175422668457031
288,0.16314451396465302,0.949999988079071,0.05820896476507187,0.2460867166519165,0.7665094137191772,10.193456649780273
289,0.16270193457603455,0.949999988079071,0.05823640897870064,0.2459316998720169,0.7665094137191772,10.211312294006348
290,0.16226263344287872,0.949999988079071,0.05824685096740723,0.24577642977237701,0.7688679099082947,10.228814125061035
291,0.16182632744312286,0.949999988079071,0.0582614541053772,0.2456207126379013,0.7688679099082947,10.246000289916992
292,0.1613927185535431,0.949999988079071,0.05828636884689331,0.24546484649181366,0.7688679099082947,10.262900352478027
293,0.16096191108226776,0.949999988079071,0.058270275592803955,0.2453085035085678,0.7688679099082947,10.2794189453125
294,0.16053371131420135,0.949999988079071,0.05825526639819145,0.2451520413160324,0.7700471878051758,10.295722007751465
295,0.16010813415050507,0.949999988079071,0.05824404954910278,0.24499531090259552,0.7700471878051758,10.31169319152832
296,0.15968510508537292,0.949999988079071,0.058226000517606735,0.24483804404735565,0.7688679099082947,10.327313423156738
297,0.15926438570022583,0.953125,0.05817009136080742,0.24468109011650085,0.7688679099082947,10.342804908752441
298,0.15884631872177124,0.953125,0.05813951417803764,0.24452359974384308,0.7712264060974121,10.357881546020508
299,0.1584303081035614,0.956250011920929,0.05813239887356758,0.24436604976654053,0.7735849022865295,10.372745513916016
300,0.15801669657230377,0.956250011920929,0.05805490165948868,0.24420861899852753,0.7735849022865295,10.387443542480469
301,0.15760567784309387,0.956250011920929,0.05797706916928291,0.2440507858991623,0.7735849022865295,10.401765823364258
302,0.15719690918922424,0.956250011920929,0.05790877342224121,0.24389326572418213,0.7747641801834106,10.415892601013184
303,0.15679028630256653,0.956250011920929,0.057832978665828705,0.24373586475849152,0.7747641801834106,10.429736137390137
304,0.1563856303691864,0.956250011920929,0.057783402502536774,0.24357813596725464,0.7747641801834106,10.443312644958496
305,0.1559831202030182,0.956250011920929,0.05767784267663956,0.2434210479259491,0.7747641801834106,10.456721305847168
306,0.15558293461799622,0.956250011920929,0.057603299617767334,0.24326388537883759,0.7771226167678833,10.46992015838623
307,0.15518495440483093,0.9593750238418579,0.057495106011629105,0.24310728907585144,0.7794811129570007,10.48289966583252
308,0.15478911995887756,0.9593750238418579,0.05738057941198349,0.24295105040073395,0.7794811129570007,10.49565315246582
309,0.1543951779603958,0.965624988079071,0.05730805546045303,0.24279513955116272,0.7794811129570007,10.508125305175781
310,0.1540030688047409,0.965624988079071,0.05718647316098213,0.24263989925384521,0.7806603908538818,10.520586967468262
311,0.15361353754997253,0.965624988079071,0.057051874697208405,0.2424854189157486,0.7806603908538818,10.532842636108398
312,0.15322613716125488,0.965624988079071,0.05695240572094917,0.24233131110668182,0.7806603908538818,10.544744491577148
313,0.1528405249118805,0.965624988079071,0.056812308728694916,0.242178276181221,0.7806603908538818,10.55665111541748
314,0.15245714783668518,0.965624988079071,0.056728195399045944,0.24202598631381989,0.7794811129570007,10.568321228027344
315,0.15207593142986298,0.965624988079071,0.05658566951751709,0.2418743520975113,0.7794811129570007,10.579752922058105
316,0.15169653296470642,0.965624988079071,0.056473374366760254,0.24172377586364746,0.7806603908538818,10.591057777404785
317,0.15131911635398865,0.96875,0.05634751170873642,0.24157413840293884,0.7841981053352356,10.602238655090332
318,0.15094396471977234,0.96875,0.05621825531125069,0.2414257824420929,0.7841981053352356,10.613343238830566
319,0.15057088434696198,0.96875,0.056108735501766205,0.24127830564975739,0.7853773832321167,10.624150276184082
320,0.150199756026268,0.96875,0.055955659598112106,0.241131991147995,0.7853773832321167,10.634777069091797
321,0.1498306393623352,0.96875,0.055849552154541016,0.24098682403564453,0.7853773832321167,10.645298957824707
322,0.1494634449481964,0.96875,0.05571926757693291,0.24084296822547913,0.7853773832321167,10.655652046203613
323,0.14909833669662476,0.96875,0.05561060830950737,0.2406999170780182,0.7853773832321167,10.665809631347656
324,0.14873503148555756,0.96875,0.055512942373752594,0.24055838584899902,0.7853773832321167,10.675758361816406
325,0.1483735293149948,0.96875,0.05540628358721733,0.24041801691055298,0.7853773832321167,10.685630798339844
326,0.14801399409770966,0.971875011920929,0.055257927626371384,0.24027907848358154,0.786556601524353,10.695342063903809
327,0.14765647053718567,0.971875011920929,0.05516728013753891,0.24014118313789368,0.786556601524353,10.704828262329102
328,0.14730077981948853,0.971875011920929,0.05507366731762886,0.2400045245885849,0.786556601524353,10.714092254638672
329,0.14694660902023315,0.971875011920929,0.05497800186276436,0.23986908793449402,0.786556601524353,10.723160743713379
330,0.14659413695335388,0.971875011920929,0.05488181114196777,0.2397349774837494,0.786556601524353,10.732088088989258
331,0.1462436467409134,0.971875011920929,0.05478304624557495,0.2396020144224167,0.786556601524353,10.74080753326416
332,0.14589481055736542,0.9750000238418579,0.054697178304195404,0.23947013914585114,0.7877358198165894,10.74924373626709
333,0.14554746448993683,0.9750000238418579,0.05461990833282471,0.2393394112586975,0.7889150977134705,10.75741958618164
334,0.14520156383514404,0.9750000238418579,0.05452926084399223,0.23921023309230804,0.7877358198165894,10.765543937683105
335,0.14485740661621094,0.9750000238418579,0.054461728781461716,0.23908187448978424,0.7877358198165894,10.773340225219727
336,0.1445147544145584,0.9750000238418579,0.054357290267944336,0.23895490169525146,0.7877358198165894,10.780906677246094
337,0.14417359232902527,0.9750000238418579,0.05429351329803467,0.2388288527727127,0.7877358198165894,10.788195610046387
338,0.14383384585380554,0.9750000238418579,0.054231297224760056,0.23870404064655304,0.7877358198165894,10.795258522033691
339,0.1434953361749649,0.9750000238418579,0.05415165424346924,0.23858030140399933,0.7889150977134705,10.802119255065918
340,0.14315840601921082,0.9750000238418579,0.054060064256191254,0.23845788836479187,0.7889150977134705,10.808723449707031
341,0.14282283186912537,0.9750000238418579,0.05397813394665718,0.2383364737033844,0.7889150977134705,10.815018653869629
342,0.1424884796142578,0.9750000238418579,0.05390751361846924,0.23821604251861572,0.7889150977134705,10.821091651916504
343,0.1421554684638977,0.9750000238418579,0.05383434146642685,0.2380969375371933,0.7889150977134705,10.826912879943848
344,0.14182378351688385,0.9750000238418579,0.05374934524297714,0.23797865211963654,0.7889150977134705,10.832427024841309
345,0.14149335026741028,0.9750000238418579,0.05368312448263168,0.23786181211471558,0.7889150977134705,10.837684631347656
346,0.1411639153957367,0.9750000238418579,0.053596626967191696,0.23774582147598267,0.7889150977134705,10.842700004577637
347,0.14083588123321533,0.9750000238418579,0.05351410061120987,0.23763105273246765,0.7889150977134705,10.847441673278809
348,0.14050908386707306,0.9781249761581421,0.053432345390319824,0.2375173717737198,0.7877358198165894,10.851837158203125
349,0.14018318057060242,0.9781249761581421,0.053318630903959274,0.2374047189950943,0.7877358198165894,10.856040000915527
350,0.13985863327980042,0.9781249761581421,0.053210724145174026,0.2372933179140091,0.7877358198165894,10.859926223754883
351,0.13953515887260437,0.9781249761581421,0.05313621833920479,0.2371828854084015,0.7877358198165894,10.863561630249023
352,0.13921289145946503,0.9781249761581421,0.05299016088247299,0.23707391321659088,0.7877358198165894,10.867015838623047
353,0.13889171183109283,0.9781249761581421,0.052913665771484375,0.236965611577034,0.7889150977134705,10.870044708251953
354,0.13857173919677734,0.9781249761581421,0.05279046297073364,0.2368587851524353,0.7889150977134705,10.872831344604492
355,0.13825270533561707,0.9781249761581421,0.05265457555651665,0.23675303161144257,0.7900943160057068,10.875336647033691
356,0.1379345804452896,0.9781249761581421,0.05254851654171944,0.23664845526218414,0.7900943160057068,10.877671241760254
357,0.13761790096759796,0.9781249761581421,0.052418481558561325,0.23654504120349884,0.7900943160057068,10.879683494567871
358,0.13730239868164062,0.9781249761581421,0.05224991962313652,0.23644307255744934,0.7912735939025879,10.881461143493652
359,0.1369878500699997,0.9781249761581421,0.05213209241628647,0.23634178936481476,0.7912735939025879,10.882843971252441
360,0.13667422533035278,0.9781249761581421,0.051969729363918304,0.23624205589294434,0.7912735939025879,10.884025573730469
361,0.1363617181777954,0.9781249761581421,0.05181913450360298,0.23614352941513062,0.7912735939025879,10.885018348693848
362,0.13605037331581116,0.9781249761581421,0.05164942890405655,0.23604628443717957,0.7912735939025879,10.885725975036621
363,0.1357402503490448,0.9781249761581421,0.05145537853240967,0.23595015704631805,0.7924528121948242,10.886088371276855
364,0.1354309618473053,0.9781249761581421,0.05127685144543648,0.23585547506809235,0.7924528121948242,10.886292457580566
365,0.13512282073497772,0.9781249761581421,0.051084838807582855,0.2357620745897293,0.7924528121948242,10.88626766204834
366,0.13481590151786804,0.9781249761581421,0.0508740171790123,0.23566989600658417,0.7924528121948242,10.885944366455078
367,0.13451026380062103,0.9781249761581421,0.05067143589258194,0.23557904362678528,0.7924528121948242,10.885320663452148
368,0.13420547544956207,0.9781249761581421,0.050456345081329346,0.2354895919561386,0.7924528121948242,10.88450813293457
369,0.1339017152786255,0.9781249761581421,0.05023400858044624,0.23540149629116058,0.7924528121948242,10.883472442626953
370,0.13359925150871277,0.9781249761581421,0.05000288411974907,0.23531460762023926,0.7912735939025879,10.88215160369873
371,0.13329783082008362,0.9781249761581421,0.04975910112261772,0.23522916436195374,0.7912735939025879,10.880606651306152
372,0.1329975575208664,0.9781249761581421,0.04950816556811333,0.23514537513256073,0.7900943160057068,10.878907203674316
373,0.13269846141338348,0.9781249761581421,0.04924892261624336,0.2350626140832901,0.7900943160057068,10.876927375793457
374,0.13240063190460205,0.9781249761581421,0.048973776400089264,0.23498152196407318,0.7900943160057068,10.874707221984863
375,0.13210368156433105,0.9781249761581421,0.04870867729187012,0.23490174114704132,0.7900943160057068,10.872239112854004
376,0.13180804252624512,0.981249988079071,0.04841587692499161,0.23482340574264526,0.7900943160057068,10.869617462158203
377,0.13151364028453827,0.981249988079071,0.04811448976397514,0.23474659025669098,0.7900943160057068,10.866782188415527
378,0.13122020661830902,0.981249988079071,0.04782482236623764,0.2346712201833725,0.7900943160057068,10.863715171813965
379,0.13092800974845886,0.981249988079071,0.04751521348953247,0.2345973253250122,0.7900943160057068,10.860430717468262
380,0.13063709437847137,0.981249988079071,0.04719061776995659,0.23452499508857727,0.7900943160057068,10.857016563415527
381,0.13034746050834656,0.981249988079071,0.046863339841365814,0.2344541698694229,0.7900943160057068,10.853355407714844
382,0.13005903363227844,0.981249988079071,0.0465271957218647,0.2343846559524536,0.7900943160057068,10.849458694458008
383,0.12977173924446106,0.984375,0.046187520027160645,0.2343168556690216,0.7912735939025879,10.845362663269043
384,0.12948547303676605,0.984375,0.045855022966861725,0.23425042629241943,0.7924528121948242,10.841118812561035
385,0.12920048832893372,0.987500011920929,0.04549210146069527,0.23418563604354858,0.7924528121948242,10.836653709411621
386,0.12891680002212524,0.987500011920929,0.045107923448085785,0.23412233591079712,0.7936320900917053,10.83203125
387,0.12863437831401825,0.987500011920929,0.04471936076879501,0.2340606451034546,0.7936320900917053,10.82723617553711
388,0.1283530294895172,0.987500011920929,0.0443522110581398,0.234000563621521,0.7936320900917053,10.822227478027344
389,0.12807315587997437,0.987500011920929,0.043972648680210114,0.23394182324409485,0.7936320900917053,10.817015647888184
390,0.12779434025287628,0.987500011920929,0.043556224554777145,0.233884796500206,0.7948113083839417,10.811684608459473
391,0.12751665711402893,0.987500011920929,0.04315889999270439,0.23382940888404846,0.7948113083839417,10.806232452392578
392,0.12724056839942932,0.987500011920929,0.04273437336087227,0.23377546668052673,0.7959905862808228,10.800524711608887
393,0.12696562707424164,0.987500011920929,0.04233604669570923,0.23372317850589752,0.7959905862808228,10.79462718963623
394,0.12669172883033752,0.987500011920929,0.04191106557846069,0.2336723804473877,0.7959905862808228,10.788615226745605
395,0.12641920149326324,0.987500011920929,0.0414811372756958,0.2336234152317047,0.7959905862808228,10.78251838684082
396,0.1261480152606964,0.987500011920929,0.04103904962539673,0.23357565701007843,0.7959905862808228,10.77617359161377
397,0.12587806582450867,0.987500011920929,0.040585316717624664,0.23352976143360138,0.7959905862808228,10.76970100402832
398,0.1256094127893448,0.987500011920929,0.04016143083572388,0.233485147356987,0.7959905862808228,10.762989044189453
399,0.12534195184707642,0.9906250238418579,0.039688874036073685,0.23344236612319946,0.7959905862808228,10.756170272827148
400,0.1250755488872528,0.9906250238418579,0.039230190217494965,0.23340103030204773,0.7959905862808228,10.749299049377441
401,0.12481075525283813,0.9906250238418579,0.03878345340490341,0.23336121439933777,0.7959905862808228,10.742171287536621
402,0.12454726547002792,0.9906250238418579,0.038314975798130035,0.23332294821739197,0.7948113083839417,10.734881401062012
403,0.12428458034992218,0.9906250238418579,0.03784491866827011,0.23328611254692078,0.7948113083839417,10.727460861206055
404,0.12402339279651642,0.9906250238418579,0.03735257312655449,0.2332511693239212,0.7948113083839417,10.720001220703125
405,0.12376358360052109,0.9906250238418579,0.036890674382448196,0.23321761190891266,0.7948113083839417,10.712343215942383
406,0.1235048919916153,0.9906250238418579,0.03639167547225952,0.23318536579608917,0.7948113083839417,10.704512596130371
407,0.12324748933315277,0.9906250238418579,0.03590192645788193,0.23315487802028656,0.7948113083839417,10.69659423828125
408,0.12299138307571411,0.9906250238418579,0.0354066863656044,0.233125701546669,0.7948113083839417,10.688493728637695
409,0.12273645401000977,0.9906250238418579,0.034905992448329926,0.23309822380542755,0.7948113083839417,10.680289268493652
410,0.12248267978429794,0.9906250238418579,0.034424591809511185,0.233071967959404,0.7948113083839417,10.67194652557373
411,0.12223029136657715,0.9906250238418579,0.03391348198056221,0.23304736614227295,0.7959905862808228,10.663501739501953
412,0.12197910249233246,0.9906250238418579,0.03340686485171318,0.23302419483661652,0.7959905862808228,10.6549072265625
413,0.12172915041446686,0.9906250238418579,0.03291250392794609,0.23300233483314514,0.7959905862808228,10.64613151550293
414,0.12148040533065796,0.9906250238418579,0.03240157291293144,0.2329818606376648,0.7959905862808228,10.637213706970215
415,0.12123270332813263,0.9906250238418579,0.03190293163061142,0.23296292126178741,0.7959905862808228,10.628273963928223
416,0.12098626047372818,0.9906250238418579,0.031371988356113434,0.23294536769390106,0.7959905862808228,10.619215965270996
417,0.12074122577905655,0.9906250238418579,0.03088366985321045,0.2329290807247162,0.7971698045730591,10.60994815826416
418,0.12049726396799088,0.9906250238418579,0.03035496547818184,0.2329142540693283,0.7983490824699402,10.600598335266113
419,0.12025441229343414,0.9906250238418579,0.029854167252779007,0.23290064930915833,0.7983490824699402,10.591126441955566
420,0.12001283466815948,0.9937499761581421,0.029361676424741745,0.2328883707523346,0.7983490824699402,10.581539154052734
421,0.11977233737707138,0.9937499761581421,0.0288458950817585,0.23287731409072876,0.7983490824699402,10.571846008300781
422,0.11953309923410416,0.9937499761581421,0.028335820883512497,0.2328677624464035,0.7983490824699402,10.56208610534668
423,0.11929512023925781,0.9937499761581421,0.027816439047455788,0.23285935819149017,0.7971698045730591,10.5521240234375
424,0.11905822902917862,0.9937499761581421,0.027316724881529808,0.23285222053527832,0.7983490824699402,10.542088508605957
425,0.11882232129573822,0.9937499761581421,0.026813363656401634,0.23284605145454407,0.7983490824699402,10.531861305236816
426,0.11858753114938736,0.9937499761581421,0.02629416063427925,0.2328413426876068,0.7983490824699402,10.521638870239258
427,0.11835400760173798,0.9937499761581421,0.02580927684903145,0.2328377515077591,0.7995283007621765,10.51126766204834
428,0.11812160909175873,0.9937499761581421,0.02528775855898857,0.23283527791500092,0.7995283007621765,10.500746726989746
429,0.11789021641016006,0.9937499761581421,0.0247975941747427,0.23283401131629944,0.7995283007621765,10.49017333984375
430,0.11765994876623154,0.9937499761581421,0.024305760860443115,0.23283375799655914,0.7995283007621765,10.479442596435547
431,0.11743085086345673,0.9937499761581421,0.02380908653140068,0.23283469676971436,0.7995283007621765,10.468711853027344
432,0.11720278114080429,0.9937499761581421,0.023308420553803444,0.23283663392066956,0.7995283007621765,10.457820892333984
433,0.11697592586278915,0.9937499761581421,0.02284635230898857,0.23283931612968445,0.7995283007621765,10.446673393249512
434,0.11675003916025162,0.996874988079071,0.02234039269387722,0.2328435778617859,0.801886796951294,10.43560791015625
435,0.11652501672506332,0.996874988079071,0.02187291346490383,0.23284852504730225,0.8030660152435303,10.424439430236816
436,0.11630119383335114,0.996874988079071,0.02138441801071167,0.23285450041294098,0.8042452931404114,10.413188934326172
437,0.11607871204614639,0.996874988079071,0.020895827561616898,0.23286139965057373,0.8042452931404114,10.401677131652832
438,0.11585704982280731,0.996874988079071,0.02044593170285225,0.2328692376613617,0.8054245114326477,10.390151023864746
439,0.11563624441623688,0.996874988079071,0.020006049424409866,0.2328779399394989,0.8054245114326477,10.378527641296387
440,0.11541669070720673,0.996874988079071,0.019533704966306686,0.23288770020008087,0.8054245114326477,10.36685848236084
441,0.11519823223352432,0.996874988079071,0.019072556868195534,0.23289839923381805,0.8054245114326477,10.355106353759766
442,0.11498068273067474,0.996874988079071,0.018618691712617874,0.2329096645116806,0.8030660152435303,10.343162536621094
443,0.11476413160562515,0.996874988079071,0.01820129156112671,0.2329217791557312,0.8030660152435303,10.331103324890137
444,0.114548459649086,0.996874988079071,0.01775563880801201,0.2329348772764206,0.8030660152435303,10.31904411315918
445,0.11433376371860504,0.996874988079071,0.017325151711702347,0.23294873535633087,0.8030660152435303,10.306963920593262
446,0.11412028968334198,0.996874988079071,0.016877304762601852,0.23296338319778442,0.8042452931404114,10.294707298278809
447,0.1139078140258789,0.996874988079071,0.01647874154150486,0.2329787313938141,0.8042452931404114,10.28233814239502
448,0.11369625478982925,0.996874988079071,0.016059935092926025,0.23299483954906464,0.8042452931404114,10.269904136657715
449,0.11348558962345123,0.996874988079071,0.015671754255890846,0.23301152884960175,0.8054245114326477,10.25733757019043
450,0.1132756695151329,0.996874988079071,0.015277469530701637,0.23302912712097168,0.8066037893295288,10.244729042053223
451,0.1130668893456459,0.996874988079071,0.014879333786666393,0.23304738104343414,0.8054245114326477,10.232094764709473
452,0.11285926401615143,0.996874988079071,0.014495635405182838,0.23306620121002197,0.8066037893295288,10.219306945800781
453,0.11265238374471664,0.996874988079071,0.014124095439910889,0.23308563232421875,0.8054245114326477,10.206395149230957
454,0.11244628578424454,0.996874988079071,0.01380776148289442,0.23310580849647522,0.8066037893295288,10.193425178527832
455,0.11224135011434555,0.996874988079071,0.013417196460068226,0.23312655091285706,0.8066037893295288,10.180381774902344
456,0.1120372861623764,0.996874988079071,0.013071608729660511,0.233147993683815,0.8066037893295288,10.167293548583984
457,0.11183397471904755,0.996874988079071,0.01276330929249525,0.23316988348960876,0.8066037893295288,10.154107093811035
458,0.1116318330168724,0.996874988079071,0.012415433302521706,0.23319250345230103,0.8066037893295288,10.14078140258789
459,0.11143044382333755,0.996874988079071,0.012112188152968884,0.23321565985679626,0.8066037893295288,10.127458572387695
460,0.11122989654541016,0.996874988079071,0.011828159913420677,0.23323926329612732,0.8066037893295288,10.113953590393066
461,0.11103035509586334,0.996874988079071,0.011545395478606224,0.2332635223865509,0.8066037893295288,10.10037612915039
462,0.11083175241947174,0.996874988079071,0.011246299371123314,0.23328834772109985,0.8066037893295288,10.086812019348145
463,0.11063408851623535,0.996874988079071,0.010978328995406628,0.23331370949745178,0.8054245114326477,10.073114395141602
464,0.11043741554021835,0.996874988079071,0.010723364539444447,0.23333939909934998,0.8066037893295288,10.059163093566895
465,0.11024178564548492,0.996874988079071,0.010468709282577038,0.23336590826511383,0.8066037893295288,10.045293807983398
466,0.11004700511693954,0.996874988079071,0.010176586918532848,0.2333928644657135,0.8066037893295288,10.031335830688477
467,0.10985346138477325,0.996874988079071,0.00991666316986084,0.2334202080965042,0.8066037893295288,10.0172119140625
468,0.1096610426902771,0.996874988079071,0.009665966033935547,0.23344828188419342,0.8066037893295288,10.002941131591797
469,0.10946967452764511,0.996874988079071,0.009414708241820335,0.23347656428813934,0.8066037893295288,9.988518714904785
470,0.10927925258874893,0.996874988079071,0.009161722846329212,0.23350556194782257,0.8066037893295288,9.974079132080078
471,0.10909004509449005,0.996874988079071,0.008860361762344837,0.23353515565395355,0.8077830076217651,9.959545135498047
472,0.10890205949544907,0.996874988079071,0.00860453862696886,0.23356495797634125,0.8077830076217651,9.944825172424316
473,0.10871540009975433,0.996874988079071,0.0083151338621974,0.23359544575214386,0.8077830076217651,9.930055618286133
474,0.10852966457605362,0.996874988079071,0.00800713337957859,0.23362642526626587,0.8066037893295288,9.915124893188477
475,0.10834504663944244,0.996874988079071,0.007733416743576527,0.23365771770477295,0.8066037893295288,9.900148391723633
476,0.10816182941198349,0.996874988079071,0.0073844194412231445,0.233689546585083,0.8077830076217651,9.885153770446777
477,0.10797951370477676,0.996874988079071,0.007076382637023926,0.23372188210487366,0.8077830076217651,9.870081901550293
478,0.10779844224452972,0.996874988079071,0.006772172637283802,0.23375453054904938,0.8077830076217651,9.854883193969727
479,0.10761849582195282,0.996874988079071,0.006415414623916149,0.2337876260280609,0.8077830076217651,9.839635848999023
480,0.10743937641382217,0.996874988079071,0.006093704607337713,0.23382112383842468,0.8077830076217651,9.824365615844727
481,0.10726125538349152,0.996874988079071,0.00576285133138299,0.23385493457317352,0.8077830076217651,9.809037208557129
482,0.10708431154489517,0.996874988079071,0.005404758267104626,0.23388922214508057,0.8101415038108826,9.793740272521973
483,0.1069083958864212,0.996874988079071,0.005065059754997492,0.23392388224601746,0.8101415038108826,9.778438568115234
484,0.10673326253890991,0.996874988079071,0.004726374056190252,0.23395879566669464,0.8101415038108826,9.763114929199219
485,0.10655905306339264,0.996874988079071,0.004393565468490124,0.23399420082569122,0.8101415038108826,9.747735977172852
486,0.10638568550348282,0.996874988079071,0.0040437220595777035,0.23402991890907288,0.8101415038108826,9.732438087463379
487,0.10621343553066254,0.996874988079071,0.003681480884552002,0.23406608402729034,0.8113207817077637,9.717194557189941
488,0.10604196786880493,0.996874988079071,0.003364133881404996,0.2341025173664093,0.8113207817077637,9.702001571655273
489,0.10587139427661896,0.996874988079071,0.0029979466926306486,0.23413942754268646,0.8125,9.686776161193848
490,0.105701744556427,0.996874988079071,0.00267106294631958,0.2341766655445099,0.8113207817077637,9.671510696411133
491,0.10553300380706787,0.996874988079071,0.002330183982849121,0.23421438038349152,0.8113207817077637,9.656314849853516
492,0.10536490380764008,0.996874988079071,0.0020159841515123844,0.23425233364105225,0.8136792182922363,9.641193389892578
493,0.10519777238368988,0.996874988079071,0.0016710400814190507,0.23429088294506073,0.8148584961891174,9.62615966796875
494,0.10503154993057251,0.996874988079071,0.0013915181625634432,0.23432959616184235,0.8148584961891174,9.61099624633789
495,0.1048661470413208,0.996874988079071,0.001044106436893344,0.23436908423900604,0.8160377144813538,9.596014022827148
496,0.10470149666070938,0.996874988079071,0.0007493495941162109,0.23440870642662048,0.8160377144813538,9.580958366394043
497,0.10453770309686661,0.996874988079071,0.0004267454205546528,0.23444892466068268,0.8148584961891174,9.565987586975098
498,0.10437481105327606,0.996874988079071,0.0001190066323033534,0.2344895452260971,0.8148584961891174,9.551051139831543
499,0.10421274602413177,0.996874988079071,-0.00019359588623046875,0.23453061282634735,0.8160377144813538,9.536134719848633
